{"v":"5.7.13","fr":60,"ip":0,"op":144,"w":1000,"h":1000,"nm":"kote-gold-coin-2d-v3-shadow","ddd":0,"assets":[{"id":"comp_0","nm":"kote-gold-coin-2d-s1-d 3","layers":[{"ddd":0,"ind":1,"ty":0,"nm":"kote-gold-coin-2d-v3-blink 2","refId":"comp_1","sr":1,"ks":{"o":{"a":0,"k":100,"ix":11},"r":{"a":0,"k":0,"ix":10},"p":{"a":0,"k":[256,194,0],"ix":2,"l":2},"a":{"a":0,"k":[256,256,0],"ix":1,"l":2},"s":{"a":0,"k":[100,100,100],"ix":6,"l":2}},"ao":0,"tm":{"a":1,"k":[{"i":{"x":[0.833],"y":[0.833]},"o":{"x":[0.167],"y":[0.167]},"t":12,"s":[0]},{"i":{"x":[0.833],"y":[0.833]},"o":{"x":[0.167],"y":[0.167]},"t":72,"s":[1]},{"i":{"x":[0.833],"y":[0.833]},"o":{"x":[0.167],"y":[0.167]},"t":144,"s":[1.8]},{"t":257,"s":[4.083]}],"ix":2},"w":512,"h":512,"ip":72,"op":144,"st":12,"bm":0},{"ddd":0,"ind":3,"ty":0,"nm":"kote-gold-coin-2d-v3-noblink","refId":"comp_3","sr":1,"ks":{"o":{"a":0,"k":100,"ix":11},"r":{"a":0,"k":0,"ix":10},"p":{"a":0,"k":[256,194,0],"ix":2,"l":2},"a":{"a":0,"k":[256,256,0],"ix":1,"l":2},"s":{"a":0,"k":[100,100,100],"ix":6,"l":2}},"ao":0,"tm":{"a":1,"k":[{"i":{"x":[0.833],"y":[0.833]},"o":{"x":[0.167],"y":[0.167]},"t":-60,"s":[0]},{"i":{"x":[0.833],"y":[0.833]},"o":{"x":[0.167],"y":[0.167]},"t":0,"s":[1]},{"i":{"x":[0.833],"y":[0.833]},"o":{"x":[0.167],"y":[0.167]},"t":72,"s":[1.8]},{"t":185,"s":[4.083]}],"ix":2},"w":512,"h":512,"ip":0,"op":72,"st":-60,"bm":0},{"ddd":0,"ind":4,"ty":4,"nm":"shadow","sr":1,"ks":{"o":{"a":0,"k":100,"ix":11},"r":{"a":0,"k":0,"ix":10},"p":{"a":0,"k":[256,469,0],"ix":2,"l":2},"a":{"a":0,"k":[0,0,0],"ix":1,"l":2},"s":{"a":0,"k":[100,100,100],"ix":6,"l":2}},"ao":0,"shapes":[{"ty":"gr","it":[{"d":1,"ty":"el","s":{"a":1,"k":[{"i":{"x":[0.833,0.833],"y":[0.833,0.833]},"o":{"x":[0.333,0.333],"y":[0,0]},"t":0,"s":[300,34]},{"i":{"x":[0.667,0.667],"y":[1,1]},"o":{"x":[0.167,0.167],"y":[0.167,0.167]},"t":36,"s":[220,38]},{"i":{"x":[0.833,0.833],"y":[0.833,0.833]},"o":{"x":[0.333,0.333],"y":[0,0]},"t":72,"s":[300,34]},{"i":{"x":[0.667,0.667],"y":[1,1]},"o":{"x":[0.167,0.167],"y":[0.167,0.167]},"t":108,"s":[220,38]},{"t":144,"s":[300,34]}],"ix":2},"p":{"a":0,"k":[0,0],"ix":3},"nm":"Ellipse Path 1","mn":"ADBE Vector Shape - Ellipse","hd":false},{"ty":"fl","c":{"a":0,"k":[0,0,0,1],"ix":4},"o":{"a":0,"k":12.5,"ix":5},"r":1,"bm":0,"nm":"Fill 1","mn":"ADBE Vector Graphic - Fill","hd":false},{"ty":"tr","p":{"a":0,"k":[0,0],"ix":2},"a":{"a":0,"k":[0,0],"ix":1},"s":{"a":0,"k":[100,100],"ix":3},"r":{"a":0,"k":0,"ix":6},"o":{"a":0,"k":100,"ix":7},"sk":{"a":0,"k":0,"ix":4},"sa":{"a":0,"k":0,"ix":5},"nm":"Transform"}],"nm":"Ellipse 1","np":2,"cix":2,"bm":0,"ix":1,"mn":"ADBE Vector Group","hd":false}],"ip":0,"op":144,"st":0,"bm":0}]},{"id":"comp_1","nm":"kote-gold-coin-2d-v3-blink 2","layers":[{"ddd":0,"ind":1,"ty":4,"nm":"eyes","sr":1,"ks":{"o":{"a":0,"k":100,"ix":11},"r":{"a":0,"k":0,"ix":10},"p":{"a":0,"k":[239.99,230.751,0],"ix":2,"l":2},"a":{"a":0,"k":[-16.01,-25.249,0],"ix":1,"l":2},"s":{"a":0,"k":[100,100,100],"ix":6,"l":2}},"ao":0,"shapes":[{"ty":"gr","it":[{"ty":"gr","it":[{"ty":"gr","it":[{"ty":"gr","it":[{"ind":0,"ty":"sh","ix":1,"ks":{"a":0,"k":{"i":[[9.499,0],[0,-11.695],[-9.499,0],[0,11.695]],"o":[[-9.499,0],[0,11.695],[9.499,0],[0,-11.695]],"v":[[64.846,-21.176],[47.648,0],[64.846,21.176],[82.045,0]],"c":true},"ix":2},"nm":"Path 1","mn":"ADBE Vector Shape - Group","hd":false},{"ind":1,"ty":"sh","ix":2,"ks":{"a":0,"k":{"i":[[0,-11.695],[9.499,0],[0,11.695],[-9.499,0]],"o":[[0,11.695],[-9.499,0],[0,-11.695],[9.499,0]],"v":[[-47.646,0],[-64.845,21.176],[-82.045,0],[-64.845,-21.176]],"c":true},"ix":2},"nm":"Path 2","mn":"ADBE Vector Shape - Group","hd":false},{"ty":"mm","mm":1,"nm":"Merge Paths 1","mn":"ADBE Vector Filter - Merge","hd":false},{"ty":"st","c":{"a":0,"k":[0.231000010173,0.172999991623,0.075,1],"ix":3},"o":{"a":0,"k":100,"ix":4},"w":{"a":0,"k":12,"ix":5},"lc":1,"lj":2,"bm":0,"nm":"Stroke 1","mn":"ADBE Vector Graphic - Stroke","hd":false},{"ty":"fl","c":{"a":0,"k":[0.231000010173,0.172999991623,0.078000005086,1],"ix":4},"o":{"a":0,"k":100,"ix":5},"r":1,"bm":0,"nm":"Fill 1","mn":"ADBE Vector Graphic - Fill","hd":false},{"ty":"tr","p":{"a":0,"k":[268.706,167.001],"ix":2},"a":{"a":0,"k":[0,0],"ix":1},"s":{"a":1,"k":[{"i":{"x":[0.833,0.833],"y":[0.833,0.833]},"o":{"x":[0.167,0.167],"y":[0.167,0.167]},"t":100,"s":[100,100]},{"i":{"x":[0.833,0.833],"y":[0.833,0.833]},"o":{"x":[0.167,0.167],"y":[0.167,0.167]},"t":103.199,"s":[100,10]},{"t":108,"s":[100,100]}],"ix":3},"r":{"a":0,"k":0,"ix":6},"o":{"a":0,"k":100,"ix":7},"sk":{"a":0,"k":0,"ix":4},"sa":{"a":0,"k":0,"ix":5},"nm":"Transform"}],"nm":"eyes","np":5,"cix":2,"bm":0,"ix":1,"mn":"ADBE Vector Group","hd":false},{"ty":"tr","p":{"a":0,"k":[-126.588,-213.742],"ix":2},"a":{"a":0,"k":[142.57,-21.492],"ix":1},"s":{"a":0,"k":[100,100],"ix":3},"r":{"a":0,"k":0,"ix":6},"o":{"a":0,"k":100,"ix":7},"sk":{"a":0,"k":0,"ix":4},"sa":{"a":0,"k":0,"ix":5},"nm":"Transform"}],"nm":"face 2","np":1,"cix":2,"bm":0,"ix":1,"mn":"ADBE Vector Group","hd":false},{"ty":"tr","p":{"a":1,"k":[{"i":{"x":0.278,"y":1},"o":{"x":0,"y":0},"t":60,"s":[0,0],"to":[-6.167,0],"ti":[0,0]},{"i":{"x":0.713,"y":0.713},"o":{"x":0.291,"y":0},"t":84,"s":[-37,0],"to":[0,0],"ti":[-6.167,0]},{"t":108,"s":[0,0]}],"ix":2},"a":{"a":0,"k":[0,0],"ix":1},"s":{"a":1,"k":[{"i":{"x":[0.667,0.667],"y":[1,1]},"o":{"x":[0.333,0.333],"y":[0,0]},"t":60,"s":[100,100]},{"t":108,"s":[-100,100]}],"ix":3},"r":{"a":0,"k":0,"ix":6},"o":{"a":0,"k":100,"ix":7},"sk":{"a":0,"k":0,"ix":4},"sa":{"a":0,"k":0,"ix":5},"nm":"Transform"}],"nm":"side1","np":1,"cix":2,"bm":0,"ix":1,"mn":"ADBE Vector Group","hd":false},{"ty":"tr","p":{"a":0,"k":[0,0],"ix":2},"a":{"a":0,"k":[0,0],"ix":1},"s":{"a":0,"k":[100,100],"ix":3},"r":{"a":0,"k":0,"ix":6},"o":{"a":0,"k":100,"ix":7},"sk":{"a":1,"k":[{"i":{"x":[0.667],"y":[1]},"o":{"x":[0.333],"y":[0]},"t":84,"s":[3]},{"t":108,"s":[0]}],"ix":4},"sa":{"a":0,"k":0,"ix":5},"nm":"Transform"}],"nm":"side2","np":3,"cix":2,"bm":0,"ix":1,"mn":"ADBE Vector Group","hd":false}],"ip":84,"op":245,"st":0,"bm":0},{"ddd":0,"ind":2,"ty":0,"nm":"coin-gold-prec","refId":"comp_2","sr":1,"ks":{"o":{"a":0,"k":100,"ix":11},"r":{"a":0,"k":0,"ix":10},"p":{"a":0,"k":[256,256,0],"ix":2,"l":2},"a":{"a":0,"k":[512,512,0],"ix":1,"l":2},"s":{"a":0,"k":[50,50,100],"ix":6,"l":2}},"ao":0,"w":1024,"h":1024,"ip":0,"op":245,"st":0,"bm":0}]},{"id":"comp_2","nm":"coin-gold-prec","layers":[{"ddd":0,"ind":1,"ty":4,"nm":"notches","sr":1,"ks":{"o":{"a":0,"k":100,"ix":11},"r":{"a":0,"k":0,"ix":10},"p":{"a":0,"k":[512,512,0],"ix":2,"l":2},"a":{"a":0,"k":[256,256,0],"ix":1,"l":2},"s":{"a":0,"k":[200,200,100],"ix":6,"l":2}},"ao":0,"shapes":[{"ty":"gr","it":[{"ind":0,"ty":"sh","ix":1,"ks":{"a":1,"k":[{"i":{"x":0.833,"y":0.833},"o":{"x":0.167,"y":0.167},"t":62,"s":[{"i":[[0,0],[0,0]],"o":[[0,0],[0,0]],"v":[[161.777,74.34],[161.875,74.34]],"c":false}]},{"i":{"x":0.833,"y":0.833},"o":{"x":0.167,"y":0.167},"t":68,"s":[{"i":[[0,0],[0,0]],"o":[[0,0],[0,0]],"v":[[181.636,74.584],[164.294,74.584]],"c":false}]},{"i":{"x":0.833,"y":0.833},"o":{"x":0.167,"y":0.167},"t":76,"s":[{"i":[[0,0],[0,0]],"o":[[0,0],[0,0]],"v":[[220.019,74.293],[197.212,74.293]],"c":false}]},{"i":{"x":0.833,"y":0.833},"o":{"x":0.167,"y":0.167},"t":84,"s":[{"i":[[0,0],[0,0]],"o":[[0,0],[0,0]],"v":[[269.962,74.295],[241.027,74.295]],"c":false}]},{"i":{"x":0.833,"y":0.833},"o":{"x":0.167,"y":0.167},"t":92,"s":[{"i":[[0,0],[0,0]],"o":[[0,0],[0,0]],"v":[[316.148,74.318],[292.484,74.318]],"c":false}]},{"i":{"x":0.833,"y":0.833},"o":{"x":0.167,"y":0.167},"t":100,"s":[{"i":[[0,0],[0,0]],"o":[[0,0],[0,0]],"v":[[349.084,74.228],[334.69,74.228]],"c":false}]},{"i":{"x":0.833,"y":0.833},"o":{"x":0.167,"y":0.167},"t":104.801,"s":[{"i":[[0,0],[0,0]],"o":[[0,0],[0,0]],"v":[[357.511,74.568],[351.701,74.568]],"c":false}]},{"t":108,"s":[{"i":[[0,0],[0,0]],"o":[[0,0],[0,0]],"v":[[350.587,74.374],[350.5,74.374]],"c":false}]}],"ix":2},"nm":"Path 11","mn":"ADBE Vector Shape - Group","hd":false},{"ind":1,"ty":"sh","ix":2,"ks":{"a":1,"k":[{"i":{"x":0.833,"y":0.833},"o":{"x":0.167,"y":0.167},"t":62,"s":[{"i":[[0,0],[0,0]],"o":[[0,0],[0,0]],"v":[[134.778,106.109],[134.875,106.109]],"c":false}]},{"i":{"x":0.833,"y":0.833},"o":{"x":0.167,"y":0.167},"t":68,"s":[{"i":[[0,0],[0,0]],"o":[[0,0],[0,0]],"v":[[159.434,106.53],[139.154,106.53]],"c":false}]},{"i":{"x":0.833,"y":0.833},"o":{"x":0.167,"y":0.167},"t":76,"s":[{"i":[[0,0],[0,0]],"o":[[0,0],[0,0]],"v":[[208.908,106.211],[183.737,106.211]],"c":false}]},{"i":{"x":0.833,"y":0.833},"o":{"x":0.167,"y":0.167},"t":84,"s":[{"i":[[0,0],[0,0]],"o":[[0,0],[0,0]],"v":[[272.259,106.18],[239.528,106.18]],"c":false}]},{"i":{"x":0.833,"y":0.833},"o":{"x":0.167,"y":0.167},"t":92,"s":[{"i":[[0,0],[0,0]],"o":[[0,0],[0,0]],"v":[[331.843,106.303],[304.306,106.265]],"c":false}]},{"i":{"x":0.833,"y":0.833},"o":{"x":0.167,"y":0.167},"t":100,"s":[{"i":[[0,0],[0,0]],"o":[[0,0],[0,0]],"v":[[372.926,106.237],[358.335,106.237]],"c":false}]},{"i":{"x":0.833,"y":0.833},"o":{"x":0.167,"y":0.167},"t":104.801,"s":[{"i":[[0,0],[0,0]],"o":[[0,0],[0,0]],"v":[[383.547,106.583],[377.659,106.583]],"c":false}]},{"t":108,"s":[{"i":[[0,0],[0,0]],"o":[[0,0],[0,0]],"v":[[378.711,106.415],[378.625,106.415]],"c":false}]}],"ix":2},"nm":"Path 10","mn":"ADBE Vector Shape - Group","hd":false},{"ind":2,"ty":"sh","ix":3,"ks":{"a":1,"k":[{"i":{"x":0.833,"y":0.833},"o":{"x":0.167,"y":0.167},"t":62,"s":[{"i":[[0,0],[0,0]],"o":[[0,0],[0,0]],"v":[[114.027,137.796],[114.125,137.796]],"c":false}]},{"i":{"x":0.833,"y":0.833},"o":{"x":0.167,"y":0.167},"t":68,"s":[{"i":[[0,0],[0,0]],"o":[[0,0],[0,0]],"v":[[142.265,138.162],[118.673,138.282]],"c":false}]},{"i":{"x":0.833,"y":0.833},"o":{"x":0.167,"y":0.167},"t":76,"s":[{"i":[[0,0],[0,0]],"o":[[0,0],[0,0]],"v":[[198.666,137.883],[172.759,137.947]],"c":false}]},{"i":{"x":0.833,"y":0.833},"o":{"x":0.167,"y":0.167},"t":84,"s":[{"i":[[0,0],[0,0]],"o":[[0,0],[0,0]],"v":[[273.962,137.898],[239.277,137.898]],"c":false}]},{"i":{"x":0.833,"y":0.833},"o":{"x":0.167,"y":0.167},"t":92,"s":[{"i":[[0,0],[0,0]],"o":[[0,0],[0,0]],"v":[[342.742,137.888],[312.703,137.888]],"c":false}]},{"i":{"x":0.833,"y":0.833},"o":{"x":0.167,"y":0.167},"t":100,"s":[{"i":[[0,0],[0,0]],"o":[[0,0],[0,0]],"v":[[392.772,137.854],[374.628,137.854]],"c":false}]},{"i":{"x":0.833,"y":0.833},"o":{"x":0.167,"y":0.167},"t":104.801,"s":[{"i":[[0,0],[0,0]],"o":[[0,0],[0,0]],"v":[[404.536,138.238],[397.226,138.238]],"c":false}]},{"t":108,"s":[{"i":[[0,0],[0,0]],"o":[[0,0],[0,0]],"v":[[397.962,138.015],[397.875,138.015]],"c":false}]}],"ix":2},"nm":"Path 9","mn":"ADBE Vector Shape - Group","hd":false},{"ind":3,"ty":"sh","ix":4,"ks":{"a":1,"k":[{"i":{"x":0.833,"y":0.833},"o":{"x":0.167,"y":0.167},"t":62,"s":[{"i":[[0,0],[0,0]],"o":[[0,0],[0,0]],"v":[[98.527,168.637],[98.617,168.637]],"c":false}]},{"i":{"x":0.833,"y":0.833},"o":{"x":0.167,"y":0.167},"t":68,"s":[{"i":[[0,0],[0,0]],"o":[[0,0],[0,0]],"v":[[127.906,168.871],[103.505,168.871]],"c":false}]},{"i":{"x":0.833,"y":0.833},"o":{"x":0.167,"y":0.167},"t":76,"s":[{"i":[[0,0],[0,0]],"o":[[0,0],[0,0]],"v":[[194.719,168.632],[164.861,168.632]],"c":false}]},{"i":{"x":0.833,"y":0.833},"o":{"x":0.167,"y":0.167},"t":84,"s":[{"i":[[0,0],[0,0]],"o":[[0,0],[0,0]],"v":[[276.712,168.693],[239.472,168.693]],"c":false}]},{"i":{"x":0.833,"y":0.833},"o":{"x":0.167,"y":0.167},"t":92,"s":[{"i":[[0,0],[0,0]],"o":[[0,0],[0,0]],"v":[[349.992,168.868],[317.733,168.868]],"c":false}]},{"i":{"x":0.833,"y":0.833},"o":{"x":0.167,"y":0.167},"t":100,"s":[{"i":[[0,0],[0,0]],"o":[[0,0],[0,0]],"v":[[404.521,168.789],[387.745,168.789]],"c":false}]},{"i":{"x":0.833,"y":0.833},"o":{"x":0.167,"y":0.167},"t":104.801,"s":[{"i":[[0,0],[0,0]],"o":[[0,0],[0,0]],"v":[[419.036,169.12],[412.277,169.12]],"c":false}]},{"t":108,"s":[{"i":[[0,0],[0,0]],"o":[[0,0],[0,0]],"v":[[413.462,168.864],[413.382,168.864]],"c":false}]}],"ix":2},"nm":"Path 8","mn":"ADBE Vector Shape - Group","hd":false},{"ind":4,"ty":"sh","ix":5,"ks":{"a":1,"k":[{"i":{"x":0.833,"y":0.833},"o":{"x":0.167,"y":0.167},"t":62,"s":[{"i":[[0,0],[0,0]],"o":[[0,0],[0,0]],"v":[[87.528,201.714],[87.617,201.714]],"c":false}]},{"i":{"x":0.833,"y":0.833},"o":{"x":0.167,"y":0.167},"t":68,"s":[{"i":[[0,0],[0,0]],"o":[[0,0],[0,0]],"v":[[121.778,201.907],[95.94,201.907]],"c":false}]},{"i":{"x":0.833,"y":0.833},"o":{"x":0.167,"y":0.167},"t":76,"s":[{"i":[[0,0],[0,0]],"o":[[0,0],[0,0]],"v":[[190.428,201.669],[158.51,201.669]],"c":false}]},{"i":{"x":0.833,"y":0.833},"o":{"x":0.167,"y":0.167},"t":84,"s":[{"i":[[0,0],[0,0]],"o":[[0,0],[0,0]],"v":[[276.259,201.732],[236.972,201.732]],"c":false}]},{"i":{"x":0.833,"y":0.833},"o":{"x":0.167,"y":0.167},"t":92,"s":[{"i":[[0,0],[0,0]],"o":[[0,0],[0,0]],"v":[[356.047,201.802],[323.291,201.802]],"c":false}]},{"i":{"x":0.833,"y":0.833},"o":{"x":0.167,"y":0.167},"t":100,"s":[{"i":[[0,0],[0,0]],"o":[[0,0],[0,0]],"v":[[413.336,201.684],[397.111,201.684]],"c":false}]},{"i":{"x":0.833,"y":0.833},"o":{"x":0.167,"y":0.167},"t":104.801,"s":[{"i":[[0,0],[0,0]],"o":[[0,0],[0,0]],"v":[[430.211,202.125],[423.674,202.125]],"c":false}]},{"t":108,"s":[{"i":[[0,0],[0,0]],"o":[[0,0],[0,0]],"v":[[423.461,201.933],[423.382,201.933]],"c":false}]}],"ix":2},"nm":"Path 7","mn":"ADBE Vector Shape - Group","hd":false},{"ind":5,"ty":"sh","ix":6,"ks":{"a":1,"k":[{"i":{"x":0.833,"y":0.833},"o":{"x":0.167,"y":0.167},"t":62,"s":[{"i":[[0,0],[0,0]],"o":[[0,0],[0,0]],"v":[[80.778,240.854],[80.868,240.854]],"c":false}]},{"i":{"x":0.833,"y":0.833},"o":{"x":0.167,"y":0.167},"t":68,"s":[{"i":[[0,0],[0,0]],"o":[[0,0],[0,0]],"v":[[115.186,241.177],[87.532,241.177]],"c":false}]},{"i":{"x":0.833,"y":0.833},"o":{"x":0.167,"y":0.167},"t":76,"s":[{"i":[[0,0],[0,0]],"o":[[0,0],[0,0]],"v":[[187.645,240.847],[154.782,240.847]],"c":false}]},{"i":{"x":0.833,"y":0.833},"o":{"x":0.167,"y":0.167},"t":84,"s":[{"i":[[0,0],[0,0]],"o":[[0,0],[0,0]],"v":[[276.259,240.802],[235.744,240.802]],"c":false}]},{"i":{"x":0.833,"y":0.833},"o":{"x":0.167,"y":0.167},"t":92,"s":[{"i":[[0,0],[0,0]],"o":[[0,0],[0,0]],"v":[[360.235,240.942],[326.087,240.942]],"c":false}]},{"i":{"x":0.833,"y":0.833},"o":{"x":0.167,"y":0.167},"t":100,"s":[{"i":[[0,0],[0,0]],"o":[[0,0],[0,0]],"v":[[420.211,240.754],[404.681,240.754]],"c":false}]},{"i":{"x":0.833,"y":0.833},"o":{"x":0.167,"y":0.167},"t":104.801,"s":[{"i":[[0,0],[0,0]],"o":[[0,0],[0,0]],"v":[[437.611,241.087],[431.351,241.087]],"c":false}]},{"t":108,"s":[{"i":[[0,0],[0,0]],"o":[[0,0],[0,0]],"v":[[431.211,240.822],[431.131,240.822]],"c":false}]}],"ix":2},"nm":"Path 6","mn":"ADBE Vector Shape - Group","hd":false},{"ind":6,"ty":"sh","ix":7,"ks":{"a":1,"k":[{"i":{"x":0.833,"y":0.833},"o":{"x":0.167,"y":0.167},"t":62,"s":[{"i":[[0,0],[0,0]],"o":[[0,0],[0,0]],"v":[[78.777,282.219],[78.867,282.219]],"c":false}]},{"i":{"x":0.833,"y":0.833},"o":{"x":0.167,"y":0.167},"t":68,"s":[{"i":[[0,0],[0,0]],"o":[[0,0],[0,0]],"v":[[114.029,282.356],[86.129,282.356]],"c":false}]},{"i":{"x":0.833,"y":0.833},"o":{"x":0.167,"y":0.167},"t":76,"s":[{"i":[[0,0],[0,0]],"o":[[0,0],[0,0]],"v":[[186.968,282.085],[154.234,282.085]],"c":false}]},{"i":{"x":0.833,"y":0.833},"o":{"x":0.167,"y":0.167},"t":84,"s":[{"i":[[0,0],[0,0]],"o":[[0,0],[0,0]],"v":[[276.712,282.109],[236.472,282.109]],"c":false}]},{"i":{"x":0.833,"y":0.833},"o":{"x":0.167,"y":0.167},"t":92,"s":[{"i":[[0,0],[0,0]],"o":[[0,0],[0,0]],"v":[[361.263,282.217],[325.505,282.184]],"c":false}]},{"i":{"x":0.833,"y":0.833},"o":{"x":0.167,"y":0.167},"t":100,"s":[{"i":[[0,0],[0,0]],"o":[[0,0],[0,0]],"v":[[420.315,281.972],[403.538,281.972]],"c":false}]},{"i":{"x":0.833,"y":0.833},"o":{"x":0.167,"y":0.167},"t":104.801,"s":[{"i":[[0,0],[0,0]],"o":[[0,0],[0,0]],"v":[[439.303,282.393],[432.544,282.393]],"c":false}]},{"t":108,"s":[{"i":[[0,0],[0,0]],"o":[[0,0],[0,0]],"v":[[432.962,282.188],[432.882,282.188]],"c":false}]}],"ix":2},"nm":"Path 5","mn":"ADBE Vector Shape - Group","hd":false},{"ind":7,"ty":"sh","ix":8,"ks":{"a":1,"k":[{"i":{"x":0.833,"y":0.833},"o":{"x":0.167,"y":0.167},"t":62,"s":[{"i":[[0,0],[0,0]],"o":[[0,0],[0,0]],"v":[[85.028,323.334],[85.118,323.334]],"c":false}]},{"i":{"x":0.833,"y":0.833},"o":{"x":0.167,"y":0.167},"t":68,"s":[{"i":[[0,0],[0,0]],"o":[[0,0],[0,0]],"v":[[118.613,323.675],[92.685,323.675]],"c":false}]},{"i":{"x":0.833,"y":0.833},"o":{"x":0.167,"y":0.167},"t":76,"s":[{"i":[[0,0],[0,0]],"o":[[0,0],[0,0]],"v":[[189.159,323.399],[155.142,323.399]],"c":false}]},{"i":{"x":0.833,"y":0.833},"o":{"x":0.167,"y":0.167},"t":84,"s":[{"i":[[0,0],[0,0]],"o":[[0,0],[0,0]],"v":[[276.429,323.417],[235.494,323.325]],"c":false}]},{"i":{"x":0.833,"y":0.833},"o":{"x":0.167,"y":0.167},"t":92,"s":[{"i":[[0,0],[0,0]],"o":[[0,0],[0,0]],"v":[[360.319,323.492],[322.577,323.492]],"c":false}]},{"i":{"x":0.833,"y":0.833},"o":{"x":0.167,"y":0.167},"t":100,"s":[{"i":[[0,0],[0,0]],"o":[[0,0],[0,0]],"v":[[417.21,323.439],[399.161,323.439]],"c":false}]},{"i":{"x":0.833,"y":0.833},"o":{"x":0.167,"y":0.167},"t":104.801,"s":[{"i":[[0,0],[0,0]],"o":[[0,0],[0,0]],"v":[[433.861,323.799],[426.593,323.799]],"c":false}]},{"t":108,"s":[{"i":[[0,0],[0,0]],"o":[[0,0],[0,0]],"v":[[426.961,323.553],[426.881,323.553]],"c":false}]}],"ix":2},"nm":"Path 4","mn":"ADBE Vector Shape - Group","hd":false},{"ind":8,"ty":"sh","ix":9,"ks":{"a":1,"k":[{"i":{"x":0.833,"y":0.833},"o":{"x":0.167,"y":0.167},"t":62,"s":[{"i":[[0,0],[0,0]],"o":[[0,0],[0,0]],"v":[[98.278,364.699],[98.367,364.699]],"c":false}]},{"i":{"x":0.833,"y":0.833},"o":{"x":0.167,"y":0.167},"t":68,"s":[{"i":[[0,0],[0,0]],"o":[[0,0],[0,0]],"v":[[130.984,364.948],[101.146,364.948]],"c":false}]},{"i":{"x":0.833,"y":0.833},"o":{"x":0.167,"y":0.167},"t":76,"s":[{"i":[[0,0],[0,0]],"o":[[0,0],[0,0]],"v":[[198.089,364.688],[159.984,364.688]],"c":false}]},{"i":{"x":0.833,"y":0.833},"o":{"x":0.167,"y":0.167},"t":84,"s":[{"i":[[0,0],[0,0]],"o":[[0,0],[0,0]],"v":[[280.259,364.945],[232.472,364.974]],"c":false}]},{"i":{"x":0.833,"y":0.833},"o":{"x":0.167,"y":0.167},"t":92,"s":[{"i":[[0,0],[0,0]],"o":[[0,0],[0,0]],"v":[[354.768,364.894],[314.695,364.894]],"c":false}]},{"i":{"x":0.833,"y":0.833},"o":{"x":0.167,"y":0.167},"t":100,"s":[{"i":[[0,0],[0,0]],"o":[[0,0],[0,0]],"v":[[405.578,364.656],[388.603,364.656]],"c":false}]},{"i":{"x":0.833,"y":0.833},"o":{"x":0.167,"y":0.167},"t":104.801,"s":[{"i":[[0,0],[0,0]],"o":[[0,0],[0,0]],"v":[[419.708,365.105],[412.87,365.105]],"c":false}]},{"t":108,"s":[{"i":[[0,0],[0,0]],"o":[[0,0],[0,0]],"v":[[415.711,364.999],[415.632,364.999]],"c":false}]}],"ix":2},"nm":"Path 3","mn":"ADBE Vector Shape - Group","hd":false},{"ind":9,"ty":"sh","ix":10,"ks":{"a":1,"k":[{"i":{"x":0.833,"y":0.833},"o":{"x":0.167,"y":0.167},"t":62,"s":[{"i":[[0,0],[0,0]],"o":[[0,0],[0,0]],"v":[[124.533,406.064],[124.617,406.064]],"c":false}]},{"i":{"x":0.833,"y":0.833},"o":{"x":0.167,"y":0.167},"t":68,"s":[{"i":[[0,0],[0,0]],"o":[[0,0],[0,0]],"v":[[150.894,406.412],[127.07,406.412]],"c":false}]},{"i":{"x":0.833,"y":0.833},"o":{"x":0.167,"y":0.167},"t":76,"s":[{"i":[[0,0],[0,0]],"o":[[0,0],[0,0]],"v":[[209.199,406.079],[170.928,406.079]],"c":false}]},{"i":{"x":0.833,"y":0.833},"o":{"x":0.167,"y":0.167},"t":84,"s":[{"i":[[0,0],[0,0]],"o":[[0,0],[0,0]],"v":[[282.351,406.068],[230.472,406.068]],"c":false}]},{"i":{"x":0.833,"y":0.833},"o":{"x":0.167,"y":0.167},"t":92,"s":[{"i":[[0,0],[0,0]],"o":[[0,0],[0,0]],"v":[[344.483,406.138],[302.361,406.138]],"c":false}]},{"i":{"x":0.833,"y":0.833},"o":{"x":0.167,"y":0.167},"t":100,"s":[{"i":[[0,0],[0,0]],"o":[[0,0],[0,0]],"v":[[379.271,405.93],[367.266,405.93]],"c":false}]},{"i":{"x":0.833,"y":0.833},"o":{"x":0.167,"y":0.167},"t":104.801,"s":[{"i":[[0,0],[0,0]],"o":[[0,0],[0,0]],"v":[[392.383,406.284],[387.535,406.284]],"c":false}]},{"t":108,"s":[{"i":[[0,0],[0,0]],"o":[[0,0],[0,0]],"v":[[387.707,406.114],[387.632,406.114]],"c":false}]}],"ix":2},"nm":"Path 2","mn":"ADBE Vector Shape - Group","hd":false},{"ind":10,"ty":"sh","ix":11,"ks":{"a":1,"k":[{"i":{"x":0.833,"y":0.833},"o":{"x":0.167,"y":0.167},"t":62,"s":[{"i":[[0,0],[0,0]],"o":[[0,0],[0,0]],"v":[[161.533,438.354],[161.617,438.354]],"c":false}]},{"i":{"x":0.833,"y":0.833},"o":{"x":0.167,"y":0.167},"t":68,"s":[{"i":[[0,0],[0,0]],"o":[[0,0],[0,0]],"v":[[179.169,438.656],[168.845,438.77]],"c":false}]},{"i":{"x":0.833,"y":0.833},"o":{"x":0.167,"y":0.167},"t":76,"s":[{"i":[[0,0],[0,0]],"o":[[0,0],[0,0]],"v":[[225.241,438.393],[193.065,438.454]],"c":false}]},{"i":{"x":0.833,"y":0.833},"o":{"x":0.167,"y":0.167},"t":84,"s":[{"i":[[0,0],[0,0]],"o":[[0,0],[0,0]],"v":[[284.101,438.463],[229.222,438.463]],"c":false}]},{"i":{"x":0.833,"y":0.833},"o":{"x":0.167,"y":0.167},"t":92,"s":[{"i":[[0,0],[0,0]],"o":[[0,0],[0,0]],"v":[[324.492,438.5],[286.12,438.5]],"c":false}]},{"i":{"x":0.833,"y":0.833},"o":{"x":0.167,"y":0.167},"t":100,"s":[{"i":[[0,0],[0,0]],"o":[[0,0],[0,0]],"v":[[342.398,438.476],[337.142,438.42]],"c":false}]},{"i":{"x":0.833,"y":0.833},"o":{"x":0.167,"y":0.167},"t":104.801,"s":[{"i":[[0,0],[0,0]],"o":[[0,0],[0,0]],"v":[[354.383,438.826],[352.236,438.803]],"c":false}]},{"t":108,"s":[{"i":[[0,0],[0,0]],"o":[[0,0],[0,0]],"v":[[350.707,438.653],[350.632,438.653]],"c":false}]}],"ix":2},"nm":"Path 1","mn":"ADBE Vector Shape - Group","hd":false},{"ty":"st","c":{"a":0,"k":[0.231000010173,0.172999991623,0.078000005086,1],"ix":3},"o":{"a":0,"k":100,"ix":4},"w":{"a":0,"k":12,"ix":5},"lc":2,"lj":2,"bm":0,"nm":"Stroke 1","mn":"ADBE Vector Graphic - Stroke","hd":false},{"ty":"tr","p":{"a":0,"k":[0,431],"ix":2},"a":{"a":0,"k":[0,430],"ix":1},"s":{"a":0,"k":[100,90],"ix":3},"r":{"a":0,"k":0,"ix":6},"o":{"a":0,"k":100,"ix":7},"sk":{"a":0,"k":0,"ix":4},"sa":{"a":0,"k":0,"ix":5},"nm":"Transform"}],"nm":"Group 1","np":12,"cix":2,"bm":0,"ix":1,"mn":"ADBE Vector Group","hd":false}],"ip":0,"op":245,"st":0,"bm":0},{"ddd":0,"ind":2,"ty":4,"nm":"side2","sr":1,"ks":{"o":{"a":0,"k":100,"ix":11},"r":{"a":0,"k":0,"ix":10},"p":{"a":0,"k":[512,512,0],"ix":2,"l":2},"a":{"a":0,"k":[0,0,0],"ix":1,"l":2},"s":{"a":0,"k":[200,200,100],"ix":6,"l":2}},"ao":0,"shapes":[{"ty":"gr","it":[{"ty":"gr","it":[{"ty":"gr","it":[{"ty":"gr","it":[{"ind":0,"ty":"sh","ix":1,"ks":{"a":0,"k":{"i":[[0,0],[0,0],[0,0]],"o":[[0,0],[0,0],[0,0]],"v":[[14.343,6.379],[0,-6.379],[-14.343,6.379]],"c":false},"ix":2},"nm":"Path 1","mn":"ADBE Vector Shape - Group","hd":false},{"ind":1,"ty":"sh","ix":2,"ks":{"a":0,"k":{"i":[[0,0],[0,0]],"o":[[0,0],[0,0]],"v":[[-15.482,-12.24],[15.482,-12.24]],"c":false},"ix":2},"nm":"Path 2","mn":"ADBE Vector Shape - Group","hd":false},{"ty":"mm","mm":1,"nm":"Merge Paths 1","mn":"ADBE Vector Filter - Merge","hd":false},{"ty":"st","c":{"a":0,"k":[0.231000010173,0.172999991623,0.075,1],"ix":3},"o":{"a":0,"k":100,"ix":4},"w":{"a":0,"k":10,"ix":5},"lc":2,"lj":2,"bm":0,"nm":"Stroke 1","mn":"ADBE Vector Graphic - Stroke","hd":false},{"ty":"tr","p":{"a":0,"k":[268.706,186.501],"ix":2},"a":{"a":0,"k":[0,0],"ix":1},"s":{"a":0,"k":[100,100],"ix":3},"r":{"a":0,"k":0,"ix":6},"o":{"a":0,"k":100,"ix":7},"sk":{"a":0,"k":0,"ix":4},"sa":{"a":0,"k":0,"ix":5},"nm":"Transform"}],"nm":"nose","np":4,"cix":2,"bm":0,"ix":1,"mn":"ADBE Vector Group","hd":false},{"ty":"gr","it":[{"ind":0,"ty":"sh","ix":1,"ks":{"a":0,"k":{"i":[[0,0],[0,0]],"o":[[0,0],[0,0]],"v":[[499.156,174.26],[392.867,174.26]],"c":false},"ix":2},"nm":"Path 1","mn":"ADBE Vector Shape - Group","hd":false},{"ind":1,"ty":"sh","ix":2,"ks":{"a":0,"k":{"i":[[0,0],[0,0]],"o":[[0,0],[0,0]],"v":[[499.156,203.307],[392.867,203.307]],"c":false},"ix":2},"nm":"Path 2","mn":"ADBE Vector Shape - Group","hd":false},{"ind":2,"ty":"sh","ix":3,"ks":{"a":0,"k":{"i":[[0,0],[0,0]],"o":[[0,0],[0,0]],"v":[[144.546,174.26],[38.257,174.26]],"c":false},"ix":2},"nm":"Path 3","mn":"ADBE Vector Shape - Group","hd":false},{"ind":3,"ty":"sh","ix":4,"ks":{"a":0,"k":{"i":[[0,0],[0,0]],"o":[[0,0],[0,0]],"v":[[144.546,203.307],[38.257,203.307]],"c":false},"ix":2},"nm":"Path 4","mn":"ADBE Vector Shape - Group","hd":false},{"ty":"mm","mm":1,"nm":"Merge Paths 1","mn":"ADBE Vector Filter - Merge","hd":false},{"ty":"st","c":{"a":0,"k":[0.231000010173,0.172999991623,0.078000005086,1],"ix":3},"o":{"a":0,"k":100,"ix":4},"w":{"a":0,"k":10,"ix":5},"lc":1,"lj":2,"bm":0,"nm":"Stroke 1","mn":"ADBE Vector Graphic - Stroke","hd":false},{"ty":"tr","p":{"a":0,"k":[0,0],"ix":2},"a":{"a":0,"k":[0,0],"ix":1},"s":{"a":0,"k":[100,100],"ix":3},"r":{"a":0,"k":0,"ix":6},"o":{"a":0,"k":100,"ix":7},"sk":{"a":0,"k":0,"ix":4},"sa":{"a":0,"k":0,"ix":5},"nm":"Transform"}],"nm":"usi","np":6,"cix":2,"bm":0,"ix":2,"mn":"ADBE Vector Group","hd":false},{"ty":"tr","p":{"a":0,"k":[-126.588,-213.742],"ix":2},"a":{"a":0,"k":[142.57,-21.492],"ix":1},"s":{"a":0,"k":[100,100],"ix":3},"r":{"a":0,"k":0,"ix":6},"o":{"a":0,"k":100,"ix":7},"sk":{"a":0,"k":0,"ix":4},"sa":{"a":0,"k":0,"ix":5},"nm":"Transform"}],"nm":"face 2","np":2,"cix":2,"bm":0,"ix":1,"mn":"ADBE Vector Group","hd":false},{"ind":1,"ty":"sh","ix":2,"ks":{"a":0,"k":{"i":[[23.649,-3.917],[7.734,14.753],[-199.296,0.074],[177.916,121.238],[7.87,-14.135]],"o":[[-7.859,-14.128],[-178.008,121.369],[199.296,-0.074],[-7.745,14.76],[-16.995,-4.655]],"v":[[-32.022,-113.825],[-65.492,-166.95],[0.256,207.135],[65.903,-167],[32.777,-113.849]],"c":true},"ix":2},"nm":"Path 1","mn":"ADBE Vector Shape - Group","hd":false},{"ty":"tr","p":{"a":1,"k":[{"i":{"x":0.278,"y":1},"o":{"x":0,"y":0},"t":60,"s":[0,0],"to":[-6.167,0],"ti":[0,0]},{"i":{"x":0.713,"y":0.713},"o":{"x":0.291,"y":0},"t":84,"s":[-37,0],"to":[0,0],"ti":[-6.167,0]},{"t":108,"s":[0,0]}],"ix":2},"a":{"a":0,"k":[0,0],"ix":1},"s":{"a":1,"k":[{"i":{"x":[0.667,0.667],"y":[1,1]},"o":{"x":[0.333,0.333],"y":[0,0]},"t":60,"s":[100,100]},{"t":108,"s":[-100,100]}],"ix":3},"r":{"a":0,"k":0,"ix":6},"o":{"a":0,"k":100,"ix":7},"sk":{"a":0,"k":0,"ix":4},"sa":{"a":0,"k":0,"ix":5},"nm":"Transform"}],"nm":"side1","np":2,"cix":2,"bm":0,"ix":1,"mn":"ADBE Vector Group","hd":false},{"ty":"tr","p":{"a":0,"k":[0,0],"ix":2},"a":{"a":0,"k":[0,0],"ix":1},"s":{"a":0,"k":[100,100],"ix":3},"r":{"a":0,"k":0,"ix":6},"o":{"a":0,"k":100,"ix":7},"sk":{"a":1,"k":[{"i":{"x":[0.667],"y":[1]},"o":{"x":[0.333],"y":[0]},"t":84,"s":[3]},{"t":108,"s":[0]}],"ix":4},"sa":{"a":0,"k":0,"ix":5},"nm":"Transform"}],"nm":"side2","np":3,"cix":2,"bm":0,"ix":1,"mn":"ADBE Vector Group","hd":false},{"ty":"gr","it":[{"ty":"gr","it":[{"ind":1,"ty":"sh","ix":2,"ks":{"a":0,"k":{"i":[[23.649,-3.917],[7.734,14.753],[-199.296,0.074],[177.916,121.238],[7.87,-14.135]],"o":[[-7.859,-14.128],[-178.008,121.369],[199.296,-0.074],[-7.745,14.76],[-16.995,-4.655]],"v":[[-32.022,-113.825],[-65.492,-166.95],[0.256,207.135],[65.903,-167],[32.777,-113.849]],"c":true},"ix":2},"nm":"Path 1","mn":"ADBE Vector Shape - Group","hd":false},{"ty":"tr","p":{"a":1,"k":[{"i":{"x":0.278,"y":1},"o":{"x":0,"y":0},"t":60,"s":[0,0],"to":[-6.167,0],"ti":[0,0]},{"i":{"x":0.713,"y":0.713},"o":{"x":0.291,"y":0},"t":84,"s":[-37,0],"to":[0,0],"ti":[-6.167,0]},{"t":108,"s":[0,0]}],"ix":2},"a":{"a":0,"k":[0,0],"ix":1},"s":{"a":1,"k":[{"i":{"x":[0.667,0.667],"y":[1,1]},"o":{"x":[0.333,0.333],"y":[0,0]},"t":60,"s":[100,100]},{"t":108,"s":[-100,100]}],"ix":3},"r":{"a":0,"k":0,"ix":6},"o":{"a":0,"k":100,"ix":7},"sk":{"a":0,"k":0,"ix":4},"sa":{"a":0,"k":0,"ix":5},"nm":"Transform"}],"nm":"side1","np":2,"cix":2,"bm":0,"ix":1,"mn":"ADBE Vector Group","hd":false},{"ty":"st","c":{"a":0,"k":[0.23137254902,0.172549019608,0.078431372549,1],"ix":3},"o":{"a":0,"k":100,"ix":4},"w":{"a":0,"k":12,"ix":5},"lc":2,"lj":2,"bm":0,"nm":"Stroke 1","mn":"ADBE Vector Graphic - Stroke","hd":false},{"ty":"gf","o":{"a":0,"k":100,"ix":10},"r":1,"bm":0,"g":{"p":15,"k":{"a":0,"k":[0.289,0.733,0.671,0.263,0.291,0.867,0.835,0.131,0.292,1,1,0,0.43,1,1,0,0.567,1,1,0,0.571,0.867,0.835,0.131,0.575,0.733,0.671,0.263,0.591,0.733,0.671,0.263,0.607,0.733,0.671,0.263,0.611,0.867,0.835,0.131,0.615,1,1,0,0.673,1,1,0,0.732,1,1,0,0.734,0.867,0.835,0.131,0.736,0.733,0.671,0.263],"ix":9}},"s":{"a":1,"k":[{"i":{"x":0.833,"y":0.833},"o":{"x":0.167,"y":0.167},"t":84,"s":[78.475,49.092],"to":[0,0],"ti":[0,0]},{"t":108,"s":[-340.302,-156.908]}],"ix":5},"e":{"a":1,"k":[{"i":{"x":0.833,"y":0.833},"o":{"x":0.167,"y":0.167},"t":84,"s":[410.137,241.801],"to":[0,0],"ti":[0,0]},{"t":108,"s":[-97.111,-31.199]}],"ix":6},"t":1,"nm":"gg2","mn":"ADBE Vector Graphic - G-Fill","hd":false},{"ty":"tr","p":{"a":0,"k":[0,0],"ix":2},"a":{"a":0,"k":[0,0],"ix":1},"s":{"a":0,"k":[100,100],"ix":3},"r":{"a":0,"k":0,"ix":6},"o":{"a":0,"k":100,"ix":7},"sk":{"a":1,"k":[{"i":{"x":[0.667],"y":[1]},"o":{"x":[0.333],"y":[0]},"t":84,"s":[3]},{"t":108,"s":[0]}],"ix":4},"sa":{"a":0,"k":0,"ix":5},"nm":"Transform"}],"nm":"side1","np":3,"cix":2,"bm":0,"ix":2,"mn":"ADBE Vector Group","hd":false}],"ip":84,"op":245,"st":0,"bm":0},{"ddd":0,"ind":3,"ty":4,"nm":"edge2","sr":1,"ks":{"o":{"a":0,"k":100,"ix":11},"r":{"a":0,"k":0,"ix":10},"p":{"a":0,"k":[512,512,0],"ix":2,"l":2},"a":{"a":0,"k":[0,0,0],"ix":1,"l":2},"s":{"a":0,"k":[200,200,100],"ix":6,"l":2}},"ao":0,"shapes":[{"ty":"gr","it":[{"ind":0,"ty":"sh","ix":1,"ks":{"a":1,"k":[{"i":{"x":0.833,"y":0.833},"o":{"x":0.167,"y":0.167},"t":84,"s":[{"i":[[0,0],[-5.258,92.923],[0,0],[-0.872,-16.939]],"o":[[0.997,-15.939],[0,0],[5.789,96.26],[0,0]],"v":[[-47.247,207.267],[-27.742,-166.923],[28.211,-167.01],[48.122,207.267]],"c":true}]},{"i":{"x":0.833,"y":0.833},"o":{"x":0.167,"y":0.167},"t":92,"s":[{"i":[[0,0],[47.492,93.943],[0,0],[98.336,0.094]],"o":[[76.622,-7.953],[0,0],[84.289,101.068],[0,0]],"v":[[-39.872,207.094],[9.591,-166.946],[59.211,-167.068],[47.914,207.281]],"c":true}]},{"i":{"x":0.833,"y":0.833},"o":{"x":0.167,"y":0.167},"t":96,"s":[{"i":[[0,0],[73.867,94.453],[0,0],[128.69,-0.437]],"o":[[114.435,-3.96],[0,0],[122.289,109.127],[0,0]],"v":[[-26.06,207.335],[27.008,-166.887],[70.461,-167.127],[42.56,207.312]],"c":true}]},{"i":{"x":0.833,"y":0.833},"o":{"x":0.167,"y":0.167},"t":100,"s":[{"i":[[0,0],[100.242,94.963],[0,0],[159.044,-0.967]],"o":[[152.247,0.033],[0,0],[155.039,117.808],[0,0]],"v":[[-18.997,207.166],[44.425,-166.925],[77.211,-167.059],[37.206,207.166]],"c":true}]},{"i":{"x":0.833,"y":0.833},"o":{"x":0.167,"y":0.167},"t":102,"s":[{"i":[[0,0],[113.43,95.218],[0,0],[174.503,-0.725]],"o":[[170.872,0.025],[0,0],[163.789,119.406],[0,0]],"v":[[-14.247,206.805],[50.695,-166.942],[79.711,-167.156],[28.06,206.805]],"c":true}]},{"i":{"x":0.833,"y":0.833},"o":{"x":0.167,"y":0.167},"t":104,"s":[{"i":[[0,0],[126.617,95.473],[0,0],[189.961,-0.484]],"o":[[189.497,0.016],[0,0],[170.539,119.598],[0,0]],"v":[[-9.497,206.83],[56.654,-166.97],[78.211,-167.098],[18.914,206.83]],"c":true}]},{"i":{"x":0.833,"y":0.833},"o":{"x":0.167,"y":0.167},"t":106,"s":[{"i":[[0,0],[139.805,95.727],[0,0],[205.419,-0.242]],"o":[[208.122,0.008],[0,0],[170.289,113.818],[0,0]],"v":[[-4.747,206.746],[61.362,-166.968],[72.711,-167.068],[9.768,206.746]],"c":true}]},{"t":108,"s":[{"i":[[0,0],[152.992,95.982],[0,0],[220.878,0]],"o":[[226.747,0],[0,0],[156.289,103.539],[0,0]],"v":[[0.003,206.756],[67.008,-166.982],[67.211,-167.039],[0.622,206.756]],"c":true}]}],"ix":2},"nm":"Path 1","mn":"ADBE Vector Shape - Group","hd":false},{"ty":"st","c":{"a":0,"k":[0.23137254902,0.172549019608,0.078431372549,1],"ix":3},"o":{"a":0,"k":100,"ix":4},"w":{"a":0,"k":12,"ix":5},"lc":2,"lj":2,"bm":0,"nm":"Stroke 1","mn":"ADBE Vector Graphic - Stroke","hd":false},{"ty":"gf","o":{"a":0,"k":100,"ix":10},"r":1,"bm":0,"g":{"p":15,"k":{"a":0,"k":[0.289,0.733,0.671,0.263,0.291,0.867,0.835,0.131,0.292,1,1,0,0.43,1,1,0,0.567,1,1,0,0.571,0.867,0.835,0.131,0.575,0.733,0.671,0.263,0.591,0.733,0.671,0.263,0.607,0.733,0.671,0.263,0.611,0.867,0.835,0.131,0.615,1,1,0,0.673,1,1,0,0.732,1,1,0,0.734,0.867,0.835,0.131,0.736,0.733,0.671,0.263],"ix":9}},"s":{"a":1,"k":[{"i":{"x":0.2,"y":1},"o":{"x":0.8,"y":0},"t":60,"s":[79.475,-36.908],"to":[0,0],"ti":[0,0]},{"t":108,"s":[79.475,722.092]}],"ix":5},"e":{"a":1,"k":[{"i":{"x":0.2,"y":1},"o":{"x":0.8,"y":0},"t":60,"s":[79.137,-607.199],"to":[0,0],"ti":[0,0]},{"t":108,"s":[79.137,26.801]}],"ix":6},"t":1,"nm":"gg","mn":"ADBE Vector Graphic - G-Fill","hd":false},{"ty":"tr","p":{"a":0,"k":[0,0],"ix":2},"a":{"a":0,"k":[0,0],"ix":1},"s":{"a":0,"k":[100,100],"ix":3},"r":{"a":0,"k":0,"ix":6},"o":{"a":0,"k":100,"ix":7},"sk":{"a":0,"k":0,"ix":4},"sa":{"a":0,"k":0,"ix":5},"nm":"Transform"}],"nm":"edge1","np":3,"cix":2,"bm":0,"ix":1,"mn":"ADBE Vector Group","hd":false},{"ty":"gr","it":[{"ind":0,"ty":"sh","ix":1,"ks":{"a":1,"k":[{"i":{"x":0.833,"y":0.833},"o":{"x":0.167,"y":0.167},"t":84,"s":[{"i":[[0,0],[0,0],[0,0],[0,0]],"o":[[0,0],[0,0],[0,0],[0,0]],"v":[[28.141,-166.961],[-27.454,-167.121],[-31.121,-113.867],[30.508,-113.754]],"c":true}]},{"i":{"x":0.833,"y":0.833},"o":{"x":0.167,"y":0.167},"t":92,"s":[{"i":[[0,0],[0,0],[0,0],[0,0]],"o":[[0,0],[0,0],[0,0],[0,0]],"v":[[-2.957,-167.047],[-54.053,-167.027],[-40.997,-113.516],[10.182,-113.62]],"c":true}]},{"i":{"x":0.833,"y":0.833},"o":{"x":0.167,"y":0.167},"t":100,"s":[{"i":[[0,0],[0,0],[0,0],[0,0]],"o":[[0,0],[0,0],[0,0],[0,0]],"v":[[-33.222,-167.02],[-67.276,-166.996],[-39.249,-113.977],[-4.862,-114.245]],"c":true}]},{"t":108,"s":[{"i":[[0,0],[0,0],[0,0],[0,0]],"o":[[0,0],[0,0],[0,0],[0,0]],"v":[[-66.031,-167.012],[-66.141,-166.887],[-33,-114.438],[-32.906,-114.625]],"c":true}]}],"ix":2},"nm":"Path 1","mn":"ADBE Vector Shape - Group","hd":false},{"ty":"st","c":{"a":0,"k":[0.23137254902,0.172549019608,0.078431372549,1],"ix":3},"o":{"a":0,"k":100,"ix":4},"w":{"a":0,"k":12,"ix":5},"lc":2,"lj":2,"bm":0,"nm":"Stroke 1","mn":"ADBE Vector Graphic - Stroke","hd":false},{"ty":"gf","o":{"a":0,"k":100,"ix":10},"r":1,"bm":0,"g":{"p":15,"k":{"a":0,"k":[0.289,0.733,0.671,0.263,0.291,0.867,0.835,0.131,0.292,1,1,0,0.43,1,1,0,0.567,1,1,0,0.571,0.867,0.835,0.131,0.575,0.733,0.671,0.263,0.591,0.733,0.671,0.263,0.607,0.733,0.671,0.263,0.611,0.867,0.835,0.131,0.615,1,1,0,0.673,1,1,0,0.732,1,1,0,0.734,0.867,0.835,0.131,0.736,0.733,0.671,0.263],"ix":9}},"s":{"a":0,"k":[78.475,49.092],"ix":5},"e":{"a":0,"k":[410.137,241.801],"ix":6},"t":1,"nm":"gg","mn":"ADBE Vector Graphic - G-Fill","hd":false},{"ty":"tr","p":{"a":0,"k":[0,0],"ix":2},"a":{"a":0,"k":[0,0],"ix":1},"s":{"a":0,"k":[100,100],"ix":3},"r":{"a":0,"k":0,"ix":6},"o":{"a":0,"k":100,"ix":7},"sk":{"a":0,"k":0,"ix":4},"sa":{"a":0,"k":0,"ix":5},"nm":"Transform"}],"nm":"edge2","np":3,"cix":2,"bm":0,"ix":2,"mn":"ADBE Vector Group","hd":false}],"ip":84,"op":245,"st":0,"bm":0},{"ddd":0,"ind":4,"ty":4,"nm":"side1","sr":1,"ks":{"o":{"a":0,"k":100,"ix":11},"r":{"a":0,"k":0,"ix":10},"p":{"a":0,"k":[512,512,0],"ix":2,"l":2},"a":{"a":0,"k":[0,0,0],"ix":1,"l":2},"s":{"a":0,"k":[200,200,100],"ix":6,"l":2}},"ao":0,"shapes":[{"ty":"gr","it":[{"ty":"gr","it":[{"ty":"gr","it":[{"ty":"gr","it":[{"ind":0,"ty":"sh","ix":1,"ks":{"a":0,"k":{"i":[[0,0],[0,0],[0,0]],"o":[[0,0],[0,0],[0,0]],"v":[[14.343,6.379],[0,-6.379],[-14.343,6.379]],"c":false},"ix":2},"nm":"Path 1","mn":"ADBE Vector Shape - Group","hd":false},{"ind":1,"ty":"sh","ix":2,"ks":{"a":0,"k":{"i":[[0,0],[0,0]],"o":[[0,0],[0,0]],"v":[[-15.482,-12.24],[15.482,-12.24]],"c":false},"ix":2},"nm":"Path 2","mn":"ADBE Vector Shape - Group","hd":false},{"ty":"mm","mm":1,"nm":"Merge Paths 1","mn":"ADBE Vector Filter - Merge","hd":false},{"ty":"st","c":{"a":0,"k":[0.231000010173,0.172999991623,0.075,1],"ix":3},"o":{"a":0,"k":100,"ix":4},"w":{"a":0,"k":10,"ix":5},"lc":2,"lj":2,"bm":0,"nm":"Stroke 1","mn":"ADBE Vector Graphic - Stroke","hd":false},{"ty":"tr","p":{"a":0,"k":[268.706,186.501],"ix":2},"a":{"a":0,"k":[0,0],"ix":1},"s":{"a":0,"k":[100,100],"ix":3},"r":{"a":0,"k":0,"ix":6},"o":{"a":0,"k":100,"ix":7},"sk":{"a":0,"k":0,"ix":4},"sa":{"a":0,"k":0,"ix":5},"nm":"Transform"}],"nm":"nose","np":4,"cix":2,"bm":0,"ix":1,"mn":"ADBE Vector Group","hd":false},{"ty":"gr","it":[{"ind":0,"ty":"sh","ix":1,"ks":{"a":0,"k":{"i":[[9.499,0],[0,-11.695],[-9.499,0],[0,11.695]],"o":[[-9.499,0],[0,11.695],[9.499,0],[0,-11.695]],"v":[[64.846,-21.176],[47.648,0],[64.846,21.176],[82.045,0]],"c":true},"ix":2},"nm":"Path 1","mn":"ADBE Vector Shape - Group","hd":false},{"ind":1,"ty":"sh","ix":2,"ks":{"a":0,"k":{"i":[[0,-11.695],[9.499,0],[0,11.695],[-9.499,0]],"o":[[0,11.695],[-9.499,0],[0,-11.695],[9.499,0]],"v":[[-47.646,0],[-64.845,21.176],[-82.045,0],[-64.845,-21.176]],"c":true},"ix":2},"nm":"Path 2","mn":"ADBE Vector Shape - Group","hd":false},{"ty":"mm","mm":1,"nm":"Merge Paths 1","mn":"ADBE Vector Filter - Merge","hd":false},{"ty":"st","c":{"a":0,"k":[0.231000010173,0.172999991623,0.075,1],"ix":3},"o":{"a":0,"k":100,"ix":4},"w":{"a":0,"k":12,"ix":5},"lc":1,"lj":2,"bm":0,"nm":"Stroke 1","mn":"ADBE Vector Graphic - Stroke","hd":false},{"ty":"fl","c":{"a":0,"k":[0.231000010173,0.172999991623,0.078000005086,1],"ix":4},"o":{"a":0,"k":100,"ix":5},"r":1,"bm":0,"nm":"Fill 1","mn":"ADBE Vector Graphic - Fill","hd":false},{"ty":"tr","p":{"a":0,"k":[268.706,167.001],"ix":2},"a":{"a":0,"k":[0,0],"ix":1},"s":{"a":0,"k":[100,100],"ix":3},"r":{"a":0,"k":0,"ix":6},"o":{"a":0,"k":100,"ix":7},"sk":{"a":0,"k":0,"ix":4},"sa":{"a":0,"k":0,"ix":5},"nm":"Transform"}],"nm":"eyes","np":5,"cix":2,"bm":0,"ix":2,"mn":"ADBE Vector Group","hd":false},{"ty":"gr","it":[{"ind":0,"ty":"sh","ix":1,"ks":{"a":0,"k":{"i":[[0,0],[0,0]],"o":[[0,0],[0,0]],"v":[[499.156,174.26],[392.867,174.26]],"c":false},"ix":2},"nm":"Path 1","mn":"ADBE Vector Shape - Group","hd":false},{"ind":1,"ty":"sh","ix":2,"ks":{"a":0,"k":{"i":[[0,0],[0,0]],"o":[[0,0],[0,0]],"v":[[499.156,203.307],[392.867,203.307]],"c":false},"ix":2},"nm":"Path 2","mn":"ADBE Vector Shape - Group","hd":false},{"ind":2,"ty":"sh","ix":3,"ks":{"a":0,"k":{"i":[[0,0],[0,0]],"o":[[0,0],[0,0]],"v":[[144.546,174.26],[38.257,174.26]],"c":false},"ix":2},"nm":"Path 3","mn":"ADBE Vector Shape - Group","hd":false},{"ind":3,"ty":"sh","ix":4,"ks":{"a":0,"k":{"i":[[0,0],[0,0]],"o":[[0,0],[0,0]],"v":[[144.546,203.307],[38.257,203.307]],"c":false},"ix":2},"nm":"Path 4","mn":"ADBE Vector Shape - Group","hd":false},{"ty":"mm","mm":1,"nm":"Merge Paths 1","mn":"ADBE Vector Filter - Merge","hd":false},{"ty":"st","c":{"a":0,"k":[0.231000010173,0.172999991623,0.078000005086,1],"ix":3},"o":{"a":0,"k":100,"ix":4},"w":{"a":0,"k":10,"ix":5},"lc":1,"lj":2,"bm":0,"nm":"Stroke 1","mn":"ADBE Vector Graphic - Stroke","hd":false},{"ty":"tr","p":{"a":0,"k":[0,0],"ix":2},"a":{"a":0,"k":[0,0],"ix":1},"s":{"a":0,"k":[100,100],"ix":3},"r":{"a":0,"k":0,"ix":6},"o":{"a":0,"k":100,"ix":7},"sk":{"a":0,"k":0,"ix":4},"sa":{"a":0,"k":0,"ix":5},"nm":"Transform"}],"nm":"usi","np":6,"cix":2,"bm":0,"ix":3,"mn":"ADBE Vector Group","hd":false},{"ty":"tr","p":{"a":0,"k":[-126.588,-213.742],"ix":2},"a":{"a":0,"k":[142.57,-21.492],"ix":1},"s":{"a":0,"k":[100,100],"ix":3},"r":{"a":0,"k":0,"ix":6},"o":{"a":0,"k":100,"ix":7},"sk":{"a":0,"k":0,"ix":4},"sa":{"a":0,"k":0,"ix":5},"nm":"Transform"}],"nm":"face","np":3,"cix":2,"bm":0,"ix":1,"mn":"ADBE Vector Group","hd":false},{"ind":1,"ty":"sh","ix":2,"ks":{"a":0,"k":{"i":[[23.649,-3.917],[7.734,14.753],[-199.296,0.074],[177.916,121.238],[7.87,-14.135]],"o":[[-7.859,-14.128],[-178.008,121.369],[199.296,-0.074],[-7.745,14.76],[-16.995,-4.655]],"v":[[-32.022,-113.825],[-65.492,-166.95],[0.256,207.135],[65.903,-167],[32.777,-113.849]],"c":true},"ix":2},"nm":"Path 1","mn":"ADBE Vector Shape - Group","hd":false},{"ty":"tr","p":{"a":1,"k":[{"i":{"x":0.632,"y":1},"o":{"x":0.123,"y":0.123},"t":60,"s":[0,0],"to":[6.167,0],"ti":[0,0]},{"i":{"x":0.974,"y":0.974},"o":{"x":0.8,"y":0},"t":84,"s":[37,0],"to":[0,0],"ti":[6.167,0]},{"t":108,"s":[0,0]}],"ix":2},"a":{"a":0,"k":[0,0],"ix":1},"s":{"a":1,"k":[{"i":{"x":[0.667,0.667],"y":[1,1]},"o":{"x":[0.333,0.333],"y":[0,0]},"t":60,"s":[100,100]},{"t":108,"s":[-100,100]}],"ix":3},"r":{"a":0,"k":0,"ix":6},"o":{"a":0,"k":100,"ix":7},"sk":{"a":0,"k":0,"ix":4},"sa":{"a":0,"k":0,"ix":5},"nm":"Transform"}],"nm":"side1","np":2,"cix":2,"bm":0,"ix":1,"mn":"ADBE Vector Group","hd":false},{"ty":"tr","p":{"a":0,"k":[0,0],"ix":2},"a":{"a":0,"k":[0,0],"ix":1},"s":{"a":0,"k":[100,100],"ix":3},"r":{"a":0,"k":0,"ix":6},"o":{"a":0,"k":100,"ix":7},"sk":{"a":1,"k":[{"i":{"x":[0.667],"y":[1]},"o":{"x":[0.333],"y":[0]},"t":60,"s":[0]},{"i":{"x":[0.833],"y":[1]},"o":{"x":[0.333],"y":[0]},"t":84,"s":[-3]},{"t":108,"s":[0]}],"ix":4},"sa":{"a":0,"k":0,"ix":5},"nm":"Transform"}],"nm":"side2","np":3,"cix":2,"bm":0,"ix":1,"mn":"ADBE Vector Group","hd":false},{"ty":"gr","it":[{"ty":"gr","it":[{"ind":1,"ty":"sh","ix":2,"ks":{"a":0,"k":{"i":[[23.649,-3.917],[7.734,14.753],[-199.296,0.074],[177.916,121.238],[7.87,-14.135]],"o":[[-7.859,-14.128],[-178.008,121.369],[199.296,-0.074],[-7.745,14.76],[-16.995,-4.655]],"v":[[-32.022,-113.825],[-65.492,-166.95],[0.256,207.135],[65.903,-167],[32.777,-113.849]],"c":true},"ix":2},"nm":"Path 1","mn":"ADBE Vector Shape - Group","hd":false},{"ty":"tr","p":{"a":1,"k":[{"i":{"x":0.632,"y":1},"o":{"x":0.123,"y":0.123},"t":60,"s":[0,0],"to":[6.167,0],"ti":[0,0]},{"i":{"x":0.974,"y":0.974},"o":{"x":0.8,"y":0},"t":84,"s":[37,0],"to":[0,0],"ti":[6.167,0]},{"t":108,"s":[0,0]}],"ix":2},"a":{"a":0,"k":[0,0],"ix":1},"s":{"a":1,"k":[{"i":{"x":[0.667,0.667],"y":[1,1]},"o":{"x":[0.333,0.333],"y":[0,0]},"t":60,"s":[100,100]},{"t":108,"s":[-100,100]}],"ix":3},"r":{"a":0,"k":0,"ix":6},"o":{"a":0,"k":100,"ix":7},"sk":{"a":0,"k":0,"ix":4},"sa":{"a":0,"k":0,"ix":5},"nm":"Transform"}],"nm":"side1","np":2,"cix":2,"bm":0,"ix":1,"mn":"ADBE Vector Group","hd":false},{"ty":"st","c":{"a":0,"k":[0.23137254902,0.172549019608,0.078431372549,1],"ix":3},"o":{"a":0,"k":100,"ix":4},"w":{"a":0,"k":12,"ix":5},"lc":2,"lj":2,"bm":0,"nm":"Stroke 1","mn":"ADBE Vector Graphic - Stroke","hd":false},{"ty":"gf","o":{"a":0,"k":100,"ix":10},"r":1,"bm":0,"g":{"p":15,"k":{"a":0,"k":[0.289,0.733,0.671,0.263,0.291,0.867,0.835,0.131,0.292,1,1,0,0.43,1,1,0,0.567,1,1,0,0.571,0.867,0.835,0.131,0.575,0.733,0.671,0.263,0.591,0.733,0.671,0.263,0.607,0.733,0.671,0.263,0.611,0.867,0.835,0.131,0.615,1,1,0,0.673,1,1,0,0.732,1,1,0,0.734,0.867,0.835,0.131,0.736,0.733,0.671,0.263],"ix":9}},"s":{"a":1,"k":[{"i":{"x":0.833,"y":0.833},"o":{"x":0.167,"y":0.167},"t":60,"s":[78.475,49.092],"to":[0,0],"ti":[0,0]},{"t":84,"s":[-340.302,-156.908]}],"ix":5},"e":{"a":1,"k":[{"i":{"x":0.833,"y":0.833},"o":{"x":0.167,"y":0.167},"t":60,"s":[410.137,241.801],"to":[0,0],"ti":[0,0]},{"t":84,"s":[10.889,-9.199]}],"ix":6},"t":1,"nm":"gg","mn":"ADBE Vector Graphic - G-Fill","hd":false},{"ty":"tr","p":{"a":0,"k":[0,0],"ix":2},"a":{"a":0,"k":[0,0],"ix":1},"s":{"a":0,"k":[100,100],"ix":3},"r":{"a":0,"k":0,"ix":6},"o":{"a":0,"k":100,"ix":7},"sk":{"a":1,"k":[{"i":{"x":[0.667],"y":[1]},"o":{"x":[0.333],"y":[0]},"t":60,"s":[0]},{"i":{"x":[0.833],"y":[1]},"o":{"x":[0.333],"y":[0]},"t":84,"s":[-3]},{"t":108,"s":[0]}],"ix":4},"sa":{"a":0,"k":0,"ix":5},"nm":"Transform"}],"nm":"side1","np":3,"cix":2,"bm":0,"ix":2,"mn":"ADBE Vector Group","hd":false}],"ip":0,"op":245,"st":0,"bm":0},{"ddd":0,"ind":5,"ty":4,"nm":"edge1","sr":1,"ks":{"o":{"a":0,"k":100,"ix":11},"r":{"a":0,"k":0,"ix":10},"p":{"a":0,"k":[512,512,0],"ix":2,"l":2},"a":{"a":0,"k":[0,0,0],"ix":1,"l":2},"s":{"a":0,"k":[200,200,100],"ix":6,"l":2}},"ao":0,"shapes":[{"ty":"gr","it":[{"ind":0,"ty":"sh","ix":1,"ks":{"a":1,"k":[{"i":{"x":0.833,"y":0.833},"o":{"x":0.167,"y":0.167},"t":60,"s":[{"i":[[0,0],[-175.902,121.731],[0,0],[-204.622,-6.231]],"o":[[-195.503,-0.731],[0,0],[-168.606,116.317],[0,0]],"v":[[0.003,206.731],[-66.598,-165.981],[-66.394,-166.067],[0.122,206.731]],"c":true}]},{"i":{"x":0.833,"y":0.833},"o":{"x":0.167,"y":0.167},"t":62,"s":[{"i":[[0,0],[-180.984,122.696],[0,0],[-188.081,-14.519]],"o":[[-191.19,-0.365],[0,0],[-154.073,114.646],[0,0]],"v":[[-10.31,206.674],[-72.766,-166.977],[-61.788,-166.935],[4.122,206.727]],"c":true}]},{"i":{"x":0.833,"y":0.833},"o":{"x":0.167,"y":0.167},"t":64,"s":[{"i":[[0,0],[-179.816,114.965],[0,0],[-171.539,-22.807]],"o":[[-186.878,0],[0,0],[-139.54,112.974],[0,0]],"v":[[-20.622,206.618],[-72.18,-166.91],[-55.685,-166.908],[8.122,206.724]],"c":true}]},{"i":{"x":0.833,"y":0.833},"o":{"x":0.167,"y":0.167},"t":68,"s":[{"i":[[0,0],[-150.229,114.699],[0,0],[-138.456,-39.384]],"o":[[-160.753,-0.387],[0,0],[-110.474,109.631],[0,0]],"v":[[-35.747,206.855],[-77.271,-166.957],[-42.156,-166.966],[16.122,207.076]],"c":true}]},{"i":{"x":0.833,"y":0.833},"o":{"x":0.167,"y":0.167},"t":72,"s":[{"i":[[0,0],[-129.893,109.334],[0,0],[-105.372,-55.96]],"o":[[-130.253,-0.193],[0,0],[-81.409,106.288],[0,0]],"v":[[-39.872,206.912],[-67.607,-167.099],[-25.998,-167.069],[24.122,206.976]],"c":true}]},{"i":{"x":0.833,"y":0.833},"o":{"x":0.167,"y":0.167},"t":76,"s":[{"i":[[0,0],[-83.056,94.218],[0,0],[-72.289,-72.536]],"o":[[-99.753,0],[0,0],[-52.343,102.946],[0,0]],"v":[[-43.997,206.89],[-57.944,-167.015],[-7.699,-167.009],[38.372,207]],"c":true}]},{"t":84,"s":[{"i":[[0,0],[-5.258,92.923],[0,0],[-0.872,-16.939]],"o":[[0.997,-15.939],[0,0],[5.789,96.26],[0,0]],"v":[[-47.247,207.22],[-27.742,-166.923],[28.211,-167.01],[48.122,207.22]],"c":true}]}],"ix":2},"nm":"Path 1","mn":"ADBE Vector Shape - Group","hd":false},{"ty":"st","c":{"a":0,"k":[0.23137254902,0.172549019608,0.078431372549,1],"ix":3},"o":{"a":0,"k":100,"ix":4},"w":{"a":0,"k":12,"ix":5},"lc":2,"lj":2,"bm":0,"nm":"Stroke 1","mn":"ADBE Vector Graphic - Stroke","hd":false},{"ty":"gf","o":{"a":0,"k":100,"ix":10},"r":1,"bm":0,"g":{"p":15,"k":{"a":0,"k":[0.289,0.733,0.671,0.263,0.291,0.867,0.835,0.131,0.292,1,1,0,0.43,1,1,0,0.567,1,1,0,0.571,0.867,0.835,0.131,0.575,0.733,0.671,0.263,0.591,0.733,0.671,0.263,0.607,0.733,0.671,0.263,0.611,0.867,0.835,0.131,0.615,1,1,0,0.673,1,1,0,0.732,1,1,0,0.734,0.867,0.835,0.131,0.736,0.733,0.671,0.263],"ix":9}},"s":{"a":1,"k":[{"i":{"x":0.2,"y":1},"o":{"x":0.8,"y":0},"t":60,"s":[79.475,-36.908],"to":[0,0],"ti":[0,0]},{"t":108,"s":[79.475,722.092]}],"ix":5},"e":{"a":1,"k":[{"i":{"x":0.2,"y":1},"o":{"x":0.8,"y":0},"t":60,"s":[79.137,-607.199],"to":[0,0],"ti":[0,0]},{"t":108,"s":[79.137,26.801]}],"ix":6},"t":1,"nm":"gg","mn":"ADBE Vector Graphic - G-Fill","hd":false},{"ty":"tr","p":{"a":0,"k":[0,0],"ix":2},"a":{"a":0,"k":[0,0],"ix":1},"s":{"a":0,"k":[100,100],"ix":3},"r":{"a":0,"k":0,"ix":6},"o":{"a":0,"k":100,"ix":7},"sk":{"a":0,"k":0,"ix":4},"sa":{"a":0,"k":0,"ix":5},"nm":"Transform"}],"nm":"edge1","np":3,"cix":2,"bm":0,"ix":1,"mn":"ADBE Vector Group","hd":false},{"ty":"gr","it":[{"ind":0,"ty":"sh","ix":1,"ks":{"a":1,"k":[{"i":{"x":0.833,"y":0.833},"o":{"x":0.167,"y":0.167},"t":60,"s":[{"i":[[0,0],[0,0],[0,0],[0,0]],"o":[[0,0],[0,0],[0,0],[0,0]],"v":[[66.438,-167.266],[66.438,-167.219],[32.812,-112.875],[32.938,-112.875]],"c":true}]},{"i":{"x":0.833,"y":0.833},"o":{"x":0.167,"y":0.167},"t":68,"s":[{"i":[[0,0],[0,0],[0,0],[0,0]],"o":[[0,0],[0,0],[0,0],[0,0]],"v":[[69.203,-167.004],[34.682,-167.017],[5.397,-112.82],[43.211,-112.99]],"c":true}]},{"i":{"x":0.833,"y":0.833},"o":{"x":0.167,"y":0.167},"t":76,"s":[{"i":[[0,0],[0,0],[0,0],[0,0]],"o":[[0,0],[0,0],[0,0],[0,0]],"v":[[55.157,-166.98],[3.614,-166.964],[-9.831,-113.07],[42.172,-112.99]],"c":true}]},{"t":84,"s":[{"i":[[0,0],[0,0],[0,0],[0,0]],"o":[[0,0],[0,0],[0,0],[0,0]],"v":[[28.274,-166.945],[-27.704,-166.984],[-31.121,-113.23],[30.508,-113.117]],"c":true}]}],"ix":2},"nm":"Path 1","mn":"ADBE Vector Shape - Group","hd":false},{"ty":"st","c":{"a":0,"k":[0.23137254902,0.172549019608,0.078431372549,1],"ix":3},"o":{"a":0,"k":100,"ix":4},"w":{"a":0,"k":12,"ix":5},"lc":2,"lj":2,"bm":0,"nm":"Stroke 1","mn":"ADBE Vector Graphic - Stroke","hd":false},{"ty":"gf","o":{"a":0,"k":100,"ix":10},"r":1,"bm":0,"g":{"p":15,"k":{"a":0,"k":[0.289,0.733,0.671,0.263,0.291,0.867,0.835,0.131,0.292,1,1,0,0.43,1,1,0,0.567,1,1,0,0.571,0.867,0.835,0.131,0.575,0.733,0.671,0.263,0.591,0.733,0.671,0.263,0.607,0.733,0.671,0.263,0.611,0.867,0.835,0.131,0.615,1,1,0,0.673,1,1,0,0.732,1,1,0,0.734,0.867,0.835,0.131,0.736,0.733,0.671,0.263],"ix":9}},"s":{"a":1,"k":[{"i":{"x":0.833,"y":0.833},"o":{"x":0.167,"y":0.167},"t":64.801,"s":[-6.525,-245.908],"to":[0,0],"ti":[0,0]},{"t":84,"s":[-112.302,-262.908]}],"ix":5},"e":{"a":1,"k":[{"i":{"x":0.833,"y":0.833},"o":{"x":0.167,"y":0.167},"t":64.801,"s":[142.137,45.801],"to":[0,0],"ti":[0,0]},{"t":84,"s":[20.889,-82.199]}],"ix":6},"t":1,"nm":"gg","mn":"ADBE Vector Graphic - G-Fill","hd":false},{"ty":"tr","p":{"a":0,"k":[0,0],"ix":2},"a":{"a":0,"k":[0,0],"ix":1},"s":{"a":0,"k":[100,100],"ix":3},"r":{"a":0,"k":0,"ix":6},"o":{"a":0,"k":100,"ix":7},"sk":{"a":0,"k":0,"ix":4},"sa":{"a":0,"k":0,"ix":5},"nm":"Transform"}],"nm":"edge2","np":3,"cix":2,"bm":0,"ix":2,"mn":"ADBE Vector Group","hd":false}],"ip":0,"op":84,"st":0,"bm":0},{"ddd":0,"ind":6,"ty":4,"nm":"side3","sr":1,"ks":{"o":{"a":0,"k":100,"ix":11},"r":{"a":0,"k":0,"ix":10},"p":{"a":0,"k":[512,512,0],"ix":2,"l":2},"a":{"a":0,"k":[0,0,0],"ix":1,"l":2},"s":{"a":0,"k":[200,200,100],"ix":6,"l":2}},"ao":0,"shapes":[{"ty":"gr","it":[{"ty":"gr","it":[{"ty":"gr","it":[{"ty":"gr","it":[{"ind":0,"ty":"sh","ix":1,"ks":{"a":0,"k":{"i":[[0,0],[0,0],[0,0]],"o":[[0,0],[0,0],[0,0]],"v":[[14.343,6.379],[0,-6.379],[-14.343,6.379]],"c":false},"ix":2},"nm":"Path 1","mn":"ADBE Vector Shape - Group","hd":false},{"ind":1,"ty":"sh","ix":2,"ks":{"a":0,"k":{"i":[[0,0],[0,0]],"o":[[0,0],[0,0]],"v":[[-15.482,-12.24],[15.482,-12.24]],"c":false},"ix":2},"nm":"Path 2","mn":"ADBE Vector Shape - Group","hd":false},{"ty":"mm","mm":1,"nm":"Merge Paths 1","mn":"ADBE Vector Filter - Merge","hd":false},{"ty":"st","c":{"a":0,"k":[0.231000010173,0.172999991623,0.075,1],"ix":3},"o":{"a":0,"k":100,"ix":4},"w":{"a":0,"k":10,"ix":5},"lc":2,"lj":2,"bm":0,"nm":"Stroke 1","mn":"ADBE Vector Graphic - Stroke","hd":false},{"ty":"tr","p":{"a":0,"k":[268.706,186.501],"ix":2},"a":{"a":0,"k":[0,0],"ix":1},"s":{"a":0,"k":[100,100],"ix":3},"r":{"a":0,"k":0,"ix":6},"o":{"a":0,"k":100,"ix":7},"sk":{"a":0,"k":0,"ix":4},"sa":{"a":0,"k":0,"ix":5},"nm":"Transform"}],"nm":"nose","np":4,"cix":2,"bm":0,"ix":1,"mn":"ADBE Vector Group","hd":false},{"ty":"gr","it":[{"ind":0,"ty":"sh","ix":1,"ks":{"a":0,"k":{"i":[[9.499,0],[0,-11.695],[-9.499,0],[0,11.695]],"o":[[-9.499,0],[0,11.695],[9.499,0],[0,-11.695]],"v":[[64.846,-21.176],[47.648,0],[64.846,21.176],[82.045,0]],"c":true},"ix":2},"nm":"Path 1","mn":"ADBE Vector Shape - Group","hd":false},{"ind":1,"ty":"sh","ix":2,"ks":{"a":0,"k":{"i":[[0,-11.695],[9.499,0],[0,11.695],[-9.499,0]],"o":[[0,11.695],[-9.499,0],[0,-11.695],[9.499,0]],"v":[[-47.646,0],[-64.845,21.176],[-82.045,0],[-64.845,-21.176]],"c":true},"ix":2},"nm":"Path 2","mn":"ADBE Vector Shape - Group","hd":false},{"ty":"mm","mm":1,"nm":"Merge Paths 1","mn":"ADBE Vector Filter - Merge","hd":false},{"ty":"st","c":{"a":0,"k":[0.231000010173,0.172999991623,0.075,1],"ix":3},"o":{"a":0,"k":100,"ix":4},"w":{"a":0,"k":12,"ix":5},"lc":1,"lj":2,"bm":0,"nm":"Stroke 1","mn":"ADBE Vector Graphic - Stroke","hd":false},{"ty":"fl","c":{"a":0,"k":[0.231000010173,0.172999991623,0.078000005086,1],"ix":4},"o":{"a":0,"k":100,"ix":5},"r":1,"bm":0,"nm":"Fill 1","mn":"ADBE Vector Graphic - Fill","hd":false},{"ty":"tr","p":{"a":0,"k":[268.706,167.001],"ix":2},"a":{"a":0,"k":[0,0],"ix":1},"s":{"a":0,"k":[100,100],"ix":3},"r":{"a":0,"k":0,"ix":6},"o":{"a":0,"k":100,"ix":7},"sk":{"a":0,"k":0,"ix":4},"sa":{"a":0,"k":0,"ix":5},"nm":"Transform"}],"nm":"eyes","np":5,"cix":2,"bm":0,"ix":2,"mn":"ADBE Vector Group","hd":false},{"ty":"gr","it":[{"ind":0,"ty":"sh","ix":1,"ks":{"a":0,"k":{"i":[[0,0],[0,0]],"o":[[0,0],[0,0]],"v":[[499.156,174.26],[392.867,174.26]],"c":false},"ix":2},"nm":"Path 1","mn":"ADBE Vector Shape - Group","hd":false},{"ind":1,"ty":"sh","ix":2,"ks":{"a":0,"k":{"i":[[0,0],[0,0]],"o":[[0,0],[0,0]],"v":[[499.156,203.307],[392.867,203.307]],"c":false},"ix":2},"nm":"Path 2","mn":"ADBE Vector Shape - Group","hd":false},{"ind":2,"ty":"sh","ix":3,"ks":{"a":0,"k":{"i":[[0,0],[0,0]],"o":[[0,0],[0,0]],"v":[[144.546,174.26],[38.257,174.26]],"c":false},"ix":2},"nm":"Path 3","mn":"ADBE Vector Shape - Group","hd":false},{"ind":3,"ty":"sh","ix":4,"ks":{"a":0,"k":{"i":[[0,0],[0,0]],"o":[[0,0],[0,0]],"v":[[144.546,203.307],[38.257,203.307]],"c":false},"ix":2},"nm":"Path 4","mn":"ADBE Vector Shape - Group","hd":false},{"ty":"mm","mm":1,"nm":"Merge Paths 1","mn":"ADBE Vector Filter - Merge","hd":false},{"ty":"st","c":{"a":0,"k":[0.231000010173,0.172999991623,0.078000005086,1],"ix":3},"o":{"a":0,"k":100,"ix":4},"w":{"a":0,"k":10,"ix":5},"lc":1,"lj":2,"bm":0,"nm":"Stroke 1","mn":"ADBE Vector Graphic - Stroke","hd":false},{"ty":"tr","p":{"a":0,"k":[0,0],"ix":2},"a":{"a":0,"k":[0,0],"ix":1},"s":{"a":0,"k":[100,100],"ix":3},"r":{"a":0,"k":0,"ix":6},"o":{"a":0,"k":100,"ix":7},"sk":{"a":0,"k":0,"ix":4},"sa":{"a":0,"k":0,"ix":5},"nm":"Transform"}],"nm":"usi","np":6,"cix":2,"bm":0,"ix":3,"mn":"ADBE Vector Group","hd":false},{"ty":"tr","p":{"a":0,"k":[-126.588,-213.742],"ix":2},"a":{"a":0,"k":[142.57,-21.492],"ix":1},"s":{"a":0,"k":[100,100],"ix":3},"r":{"a":0,"k":0,"ix":6},"o":{"a":0,"k":100,"ix":7},"sk":{"a":0,"k":0,"ix":4},"sa":{"a":0,"k":0,"ix":5},"nm":"Transform"}],"nm":"face","np":3,"cix":2,"bm":0,"ix":1,"mn":"ADBE Vector Group","hd":false},{"ind":1,"ty":"sh","ix":2,"ks":{"a":0,"k":{"i":[[23.649,-3.917],[7.734,14.753],[-199.296,0.074],[177.916,121.238],[7.87,-14.135]],"o":[[-7.859,-14.128],[-178.008,121.369],[199.296,-0.074],[-7.745,14.76],[-16.995,-4.655]],"v":[[-32.022,-113.825],[-65.492,-166.95],[0.256,207.135],[65.903,-167],[32.777,-113.849]],"c":true},"ix":2},"nm":"Path 1","mn":"ADBE Vector Shape - Group","hd":false},{"ty":"tr","p":{"a":1,"k":[{"i":{"x":0.278,"y":1},"o":{"x":0,"y":0},"t":60,"s":[0,0],"to":[-6.167,0],"ti":[0,0]},{"i":{"x":0.713,"y":0.713},"o":{"x":0.291,"y":0},"t":84,"s":[-37,0],"to":[0,0],"ti":[-6.167,0]},{"t":108,"s":[0,0]}],"ix":2},"a":{"a":0,"k":[0,0],"ix":1},"s":{"a":1,"k":[{"i":{"x":[0.667,0.667],"y":[1,1]},"o":{"x":[0.333,0.333],"y":[0,0]},"t":60,"s":[100,100]},{"t":108,"s":[-100,100]}],"ix":3},"r":{"a":0,"k":0,"ix":6},"o":{"a":0,"k":100,"ix":7},"sk":{"a":0,"k":0,"ix":4},"sa":{"a":0,"k":0,"ix":5},"nm":"Transform"}],"nm":"side1","np":2,"cix":2,"bm":0,"ix":1,"mn":"ADBE Vector Group","hd":false},{"ty":"fl","c":{"a":0,"k":[0.733333349228,0.670588254929,0.262745112181,1],"ix":4},"o":{"a":0,"k":100,"ix":5},"r":1,"bm":0,"nm":"Fill 1","mn":"ADBE Vector Graphic - Fill","hd":false},{"ty":"tr","p":{"a":0,"k":[0,0],"ix":2},"a":{"a":0,"k":[0,0],"ix":1},"s":{"a":0,"k":[100,100],"ix":3},"r":{"a":0,"k":0,"ix":6},"o":{"a":0,"k":100,"ix":7},"sk":{"a":1,"k":[{"i":{"x":[0.667],"y":[1]},"o":{"x":[0.333],"y":[0]},"t":60,"s":[0]},{"t":84,"s":[3]}],"ix":4},"sa":{"a":0,"k":0,"ix":5},"nm":"Transform"}],"nm":"side1","np":3,"cix":2,"bm":0,"ix":1,"mn":"ADBE Vector Group","hd":false}],"ip":60,"op":84,"st":0,"bm":0}]},{"id":"comp_3","nm":"kote-gold-coin-2d-v3-noblink","layers":[{"ddd":0,"ind":1,"ty":4,"nm":"eyes","sr":1,"ks":{"o":{"a":0,"k":100,"ix":11},"r":{"a":0,"k":0,"ix":10},"p":{"a":0,"k":[239.99,230.751,0],"ix":2,"l":2},"a":{"a":0,"k":[-16.01,-25.249,0],"ix":1,"l":2},"s":{"a":0,"k":[100,100,100],"ix":6,"l":2}},"ao":0,"shapes":[{"ty":"gr","it":[{"ty":"gr","it":[{"ty":"gr","it":[{"ty":"gr","it":[{"ind":0,"ty":"sh","ix":1,"ks":{"a":0,"k":{"i":[[9.499,0],[0,-11.695],[-9.499,0],[0,11.695]],"o":[[-9.499,0],[0,11.695],[9.499,0],[0,-11.695]],"v":[[64.846,-21.176],[47.648,0],[64.846,21.176],[82.045,0]],"c":true},"ix":2},"nm":"Path 1","mn":"ADBE Vector Shape - Group","hd":false},{"ind":1,"ty":"sh","ix":2,"ks":{"a":0,"k":{"i":[[0,-11.695],[9.499,0],[0,11.695],[-9.499,0]],"o":[[0,11.695],[-9.499,0],[0,-11.695],[9.499,0]],"v":[[-47.646,0],[-64.845,21.176],[-82.045,0],[-64.845,-21.176]],"c":true},"ix":2},"nm":"Path 2","mn":"ADBE Vector Shape - Group","hd":false},{"ty":"mm","mm":1,"nm":"Merge Paths 1","mn":"ADBE Vector Filter - Merge","hd":false},{"ty":"st","c":{"a":0,"k":[0.231000010173,0.172999991623,0.075,1],"ix":3},"o":{"a":0,"k":100,"ix":4},"w":{"a":0,"k":12,"ix":5},"lc":1,"lj":2,"bm":0,"nm":"Stroke 1","mn":"ADBE Vector Graphic - Stroke","hd":false},{"ty":"fl","c":{"a":0,"k":[0.231000010173,0.172999991623,0.078000005086,1],"ix":4},"o":{"a":0,"k":100,"ix":5},"r":1,"bm":0,"nm":"Fill 1","mn":"ADBE Vector Graphic - Fill","hd":false},{"ty":"tr","p":{"a":0,"k":[268.706,167.001],"ix":2},"a":{"a":0,"k":[0,0],"ix":1},"s":{"a":1,"k":[{"i":{"x":[0.833,0.833],"y":[0.833,0.833]},"o":{"x":[0.167,0.167],"y":[0.167,0.167]},"t":108,"s":[100,100]},{"i":{"x":[0.833,0.833],"y":[0.833,0.833]},"o":{"x":[0.167,0.167],"y":[0.167,0.167]},"t":111.199,"s":[100,10]},{"t":116,"s":[100,100]}],"ix":3},"r":{"a":0,"k":0,"ix":6},"o":{"a":0,"k":100,"ix":7},"sk":{"a":0,"k":0,"ix":4},"sa":{"a":0,"k":0,"ix":5},"nm":"Transform"}],"nm":"eyes","np":5,"cix":2,"bm":0,"ix":1,"mn":"ADBE Vector Group","hd":false},{"ty":"tr","p":{"a":0,"k":[-126.588,-213.742],"ix":2},"a":{"a":0,"k":[142.57,-21.492],"ix":1},"s":{"a":0,"k":[100,100],"ix":3},"r":{"a":0,"k":0,"ix":6},"o":{"a":0,"k":100,"ix":7},"sk":{"a":0,"k":0,"ix":4},"sa":{"a":0,"k":0,"ix":5},"nm":"Transform"}],"nm":"face 2","np":1,"cix":2,"bm":0,"ix":1,"mn":"ADBE Vector Group","hd":false},{"ty":"tr","p":{"a":1,"k":[{"i":{"x":0.278,"y":1},"o":{"x":0,"y":0},"t":60,"s":[0,0],"to":[-6.167,0],"ti":[0,0]},{"i":{"x":0.713,"y":0.713},"o":{"x":0.291,"y":0},"t":84,"s":[-37,0],"to":[0,0],"ti":[-6.167,0]},{"t":108,"s":[0,0]}],"ix":2},"a":{"a":0,"k":[0,0],"ix":1},"s":{"a":1,"k":[{"i":{"x":[0.667,0.667],"y":[1,1]},"o":{"x":[0.333,0.333],"y":[0,0]},"t":60,"s":[100,100]},{"t":108,"s":[-100,100]}],"ix":3},"r":{"a":0,"k":0,"ix":6},"o":{"a":0,"k":100,"ix":7},"sk":{"a":0,"k":0,"ix":4},"sa":{"a":0,"k":0,"ix":5},"nm":"Transform"}],"nm":"side1","np":1,"cix":2,"bm":0,"ix":1,"mn":"ADBE Vector Group","hd":false},{"ty":"tr","p":{"a":0,"k":[0,0],"ix":2},"a":{"a":0,"k":[0,0],"ix":1},"s":{"a":0,"k":[100,100],"ix":3},"r":{"a":0,"k":0,"ix":6},"o":{"a":0,"k":100,"ix":7},"sk":{"a":1,"k":[{"i":{"x":[0.667],"y":[1]},"o":{"x":[0.333],"y":[0]},"t":84,"s":[3]},{"t":108,"s":[0]}],"ix":4},"sa":{"a":0,"k":0,"ix":5},"nm":"Transform"}],"nm":"side2","np":3,"cix":2,"bm":0,"ix":1,"mn":"ADBE Vector Group","hd":false}],"ip":84,"op":245,"st":0,"bm":0},{"ddd":0,"ind":2,"ty":0,"nm":"coin-gold-prec","refId":"comp_2","sr":1,"ks":{"o":{"a":0,"k":100,"ix":11},"r":{"a":0,"k":0,"ix":10},"p":{"a":0,"k":[256,256,0],"ix":2,"l":2},"a":{"a":0,"k":[512,512,0],"ix":1,"l":2},"s":{"a":0,"k":[50,50,100],"ix":6,"l":2}},"ao":0,"w":1024,"h":1024,"ip":0,"op":245,"st":0,"bm":0}]}],"layers":[{"ddd":0,"ind":2,"ty":0,"nm":"kote-gold-coin-2d-s1-d 3","refId":"comp_0","sr":1,"ks":{"o":{"a":0,"k":100,"ix":11},"r":{"a":0,"k":0,"ix":10},"p":{"a":0,"k":[500,500,0],"ix":2,"l":2},"a":{"a":0,"k":[256,256,0],"ix":1,"l":2},"s":{"a":0,"k":[200,200,100],"ix":6,"l":2}},"ao":0,"w":512,"h":512,"ip":0,"op":144,"st":0,"bm":0},{"ddd":0,"ind":3,"ty":1,"nm":"White Solid 37","sr":1,"ks":{"o":{"a":0,"k":100,"ix":11},"r":{"a":0,"k":0,"ix":10},"p":{"a":0,"k":[500,500,0],"ix":2,"l":2},"a":{"a":0,"k":[500,500,0],"ix":1,"l":2},"s":{"a":0,"k":[128,128,100],"ix":6,"l":2}},"ao":0,"sw":1000,"sh":1000,"sc":"#ffffff","ip":0,"op":245,"st":0,"bm":0}],"markers":[]}
